device,protocol,sample_index,latency_ms
RPi Middleware<->SCADA,OPC UA,0,8.895099999790546
RPi Middleware<->SCADA,OPC UA,1,9.538199999951757
RPi Middleware<->SCADA,OPC UA,2,5.634000001009554
RPi Middleware<->SCADA,OPC UA,3,5.011099998228019
RPi Middleware<->SCADA,OPC UA,4,4.932700001518242
RPi Middleware<->SCADA,OPC UA,5,4.943200001434889
RPi Middleware<->SCADA,OPC UA,6,4.964399999153102
RPi Middleware<->SCADA,OPC UA,7,4.898399998637615
RPi Middleware<->SCADA,OPC UA,8,4.8583999996481
RPi Middleware<->SCADA,OPC UA,9,4.983700000593672
RPi Middleware<->SCADA,OPC UA,10,4.9776000014389865
RPi Middleware<->SCADA,OPC UA,11,4.949199999828124
RPi Middleware<->SCADA,OPC UA,12,5.076500001450768
RPi Middleware<->SCADA,OPC UA,13,5.797800000436837
RPi Middleware<->SCADA,OPC UA,14,5.644100001518382
RPi Middleware<->SCADA,OPC UA,15,5.0685000023804605
RPi Middleware<->SCADA,OPC UA,16,5.012199999328004
RPi Middleware<->SCADA,OPC UA,17,4.9385999991500285
RPi Middleware<->SCADA,OPC UA,18,5.00100000135717
RPi Middleware<->SCADA,OPC UA,19,4.925299999740673
RPi Middleware<->SCADA,OPC UA,20,5.1048000023001805
RPi Middleware<->SCADA,OPC UA,21,4.9450000005890615
RPi Middleware<->SCADA,OPC UA,22,5.138500000612112
RPi Middleware<->SCADA,OPC UA,23,5.10510000094655
RPi Middleware<->SCADA,OPC UA,24,5.551100002776366
RPi Middleware<->SCADA,OPC UA,25,4.8097999970195815
RPi Middleware<->SCADA,OPC UA,26,4.930200000671903
RPi Middleware<->SCADA,OPC UA,27,4.95999999839114
RPi Middleware<->SCADA,OPC UA,28,5.394299998442875
RPi Middleware<->SCADA,OPC UA,29,5.0172999981441535
RPi Middleware<->SCADA,OPC UA,30,5.1640999990922865
RPi Middleware<->SCADA,OPC UA,31,4.956000000674976
RPi Middleware<->SCADA,OPC UA,32,5.046599999332102
RPi Middleware<->SCADA,OPC UA,33,4.8960000021907035
RPi Middleware<->SCADA,OPC UA,34,4.976500000339001
RPi Middleware<->SCADA,OPC UA,35,4.817500001081498
RPi Middleware<->SCADA,OPC UA,36,5.0045999996655155
RPi Middleware<->SCADA,OPC UA,37,4.957299999659881
RPi Middleware<->SCADA,OPC UA,38,6.230499999219319
RPi Middleware<->SCADA,OPC UA,39,5.440799999632873
RPi Middleware<->SCADA,OPC UA,40,5.016600000089966
RPi Middleware<->SCADA,OPC UA,41,4.83170000006794
RPi Middleware<->SCADA,OPC UA,42,5.056800000602379
RPi Middleware<->SCADA,OPC UA,43,4.874200003541773
RPi Middleware<->SCADA,OPC UA,44,5.002900001272792
RPi Middleware<->SCADA,OPC UA,45,4.93800000185729
RPi Middleware<->SCADA,OPC UA,46,4.997299998649396
RPi Middleware<->SCADA,OPC UA,47,4.888699997536605
RPi Middleware<->SCADA,OPC UA,48,5.041799999162322
RPi Middleware<->SCADA,OPC UA,49,4.911599997285521
RPi Middleware<->SCADA,OPC UA,50,5.152400000952184
RPi Middleware<->SCADA,OPC UA,51,5.0069999997504056
RPi Middleware<->SCADA,OPC UA,52,5.021999997552484
RPi Middleware<->SCADA,OPC UA,53,4.969199999322882
RPi Middleware<->SCADA,OPC UA,54,5.010500000935281
RPi Middleware<->SCADA,OPC UA,55,4.90429999990738
RPi Middleware<->SCADA,OPC UA,56,5.0808999985747505
RPi Middleware<->SCADA,OPC UA,57,4.841999998461688
RPi Middleware<->SCADA,OPC UA,58,5.085299999336712
RPi Middleware<->SCADA,OPC UA,59,4.885899998043897
RPi Middleware<->SCADA,OPC UA,60,5.078900001535658
RPi Middleware<->SCADA,OPC UA,61,6.183599998621503
RPi Middleware<->SCADA,OPC UA,62,5.281099998683203
RPi Middleware<->SCADA,OPC UA,63,4.831099999137223
RPi Middleware<->SCADA,OPC UA,64,5.011100001865998
RPi Middleware<->SCADA,OPC UA,65,4.825200001505436
RPi Middleware<->SCADA,OPC UA,66,5.633699998725206
RPi Middleware<->SCADA,OPC UA,67,4.974399998900481
RPi Middleware<->SCADA,OPC UA,68,5.497599999216618
RPi Middleware<->SCADA,OPC UA,69,4.993099999410333
RPi Middleware<->SCADA,OPC UA,70,4.963600000337465
RPi Middleware<->SCADA,OPC UA,71,5.473400000482798
RPi Middleware<->SCADA,OPC UA,72,4.988299999240553
RPi Middleware<->SCADA,OPC UA,73,5.03269999899203
RPi Middleware<->SCADA,OPC UA,74,5.147299998498056
RPi Middleware<->SCADA,OPC UA,75,5.6480000021110754
RPi Middleware<->SCADA,OPC UA,76,4.933199998049531
RPi Middleware<->SCADA,OPC UA,77,4.974999999831198
RPi Middleware<->SCADA,OPC UA,78,22.736599999916507
RPi Middleware<->SCADA,OPC UA,79,4.9682999997457955
RPi Middleware<->SCADA,OPC UA,80,5.067299996881047
RPi Middleware<->SCADA,OPC UA,81,4.92360000134795
RPi Middleware<->SCADA,OPC UA,82,4.8994999997376
RPi Middleware<->SCADA,OPC UA,83,4.863800000748597
RPi Middleware<->SCADA,OPC UA,84,4.952800001774449
RPi Middleware<->SCADA,OPC UA,85,4.882999997789739
RPi Middleware<->SCADA,OPC UA,86,4.879500000242842
RPi Middleware<->SCADA,OPC UA,87,4.845999999815831
RPi Middleware<->SCADA,OPC UA,88,4.980100002285326
RPi Middleware<->SCADA,OPC UA,89,4.797699999471661
RPi Middleware<->SCADA,OPC UA,90,5.11729999925592
RPi Middleware<->SCADA,OPC UA,91,4.884199999651173
RPi Middleware<->SCADA,OPC UA,92,4.9980000003415626
RPi Middleware<->SCADA,OPC UA,93,4.852699999901233
RPi Middleware<->SCADA,OPC UA,94,5.044600002293009
RPi Middleware<->SCADA,OPC UA,95,4.81220000074245
RPi Middleware<->SCADA,OPC UA,96,4.96950000160723
RPi Middleware<->SCADA,OPC UA,97,4.864200000156416
RPi Middleware<->SCADA,OPC UA,98,4.9010000002454035
RPi Middleware<->SCADA,OPC UA,99,4.922399999486515
RPi Middleware<->SCADA,OPC UA,100,4.9270000017713755
RPi Middleware<->SCADA,OPC UA,101,4.760599997098325
RPi Middleware<->SCADA,OPC UA,102,4.928700000164099
RPi Middleware<->SCADA,OPC UA,103,4.976799998985371
RPi Middleware<->SCADA,OPC UA,104,5.12929999968037
RPi Middleware<->SCADA,OPC UA,105,4.907899998215726
RPi Middleware<->SCADA,OPC UA,106,4.903599998215213
RPi Middleware<->SCADA,OPC UA,107,4.789500002516434
RPi Middleware<->SCADA,OPC UA,108,4.956699998729164
RPi Middleware<->SCADA,OPC UA,109,4.807000001164852
RPi Middleware<->SCADA,OPC UA,110,5.043799999839393
RPi Middleware<->SCADA,OPC UA,111,5.017199997382704
RPi Middleware<->SCADA,OPC UA,112,6.9198999990476295
RPi Middleware<->SCADA,OPC UA,113,5.480300002091099
RPi Middleware<->SCADA,OPC UA,114,4.760999996506143
RPi Middleware<->SCADA,OPC UA,115,4.81470000158879
RPi Middleware<->SCADA,OPC UA,116,4.890299998805858
RPi Middleware<->SCADA,OPC UA,117,4.873800000495976
RPi Middleware<->SCADA,OPC UA,118,5.083900003228337
RPi Middleware<->SCADA,OPC UA,119,4.793899999640416
RPi Middleware<->SCADA,OPC UA,120,4.908499999146443
RPi Middleware<->SCADA,OPC UA,121,4.8443000014231075
RPi Middleware<->SCADA,OPC UA,122,5.149000000528758
RPi Middleware<->SCADA,OPC UA,123,5.024300000513904
RPi Middleware<->SCADA,OPC UA,124,4.939200000080746
RPi Middleware<->SCADA,OPC UA,125,4.951099999743747
RPi Middleware<->SCADA,OPC UA,126,5.207900001551025
RPi Middleware<->SCADA,OPC UA,127,4.976800002623349
RPi Middleware<->SCADA,OPC UA,128,4.941600000165636
RPi Middleware<->SCADA,OPC UA,129,4.858700001932448
RPi Middleware<->SCADA,OPC UA,130,4.853500002354849
RPi Middleware<->SCADA,OPC UA,131,4.829800000152318
RPi Middleware<->SCADA,OPC UA,132,4.961300001014024
RPi Middleware<->SCADA,OPC UA,133,4.864000002271496
RPi Middleware<->SCADA,OPC UA,134,4.958800000167685
RPi Middleware<->SCADA,OPC UA,135,4.909200000838609
RPi Middleware<->SCADA,OPC UA,136,5.8499000006122515
RPi Middleware<->SCADA,OPC UA,137,4.8720999984652735
RPi Middleware<->SCADA,OPC UA,138,4.975100000592647
RPi Middleware<->SCADA,OPC UA,139,4.924900000332855
RPi Middleware<->SCADA,OPC UA,140,5.044000001362292
RPi Middleware<->SCADA,OPC UA,141,4.976500000339001
RPi Middleware<->SCADA,OPC UA,142,4.985200001101475
RPi Middleware<->SCADA,OPC UA,143,4.863500002102228
RPi Middleware<->SCADA,OPC UA,144,4.937500001688022
RPi Middleware<->SCADA,OPC UA,145,4.87040000007255
RPi Middleware<->SCADA,OPC UA,146,4.938699999911478
RPi Middleware<->SCADA,OPC UA,147,4.927900001348462
RPi Middleware<->SCADA,OPC UA,148,4.9266999994870275
RPi Middleware<->SCADA,OPC UA,149,4.857200001424644
RPi Middleware<->SCADA,OPC UA,150,5.054400000517489
RPi Middleware<->SCADA,OPC UA,151,5.39779999962775
RPi Middleware<->SCADA,OPC UA,152,5.464500001835404
RPi Middleware<->SCADA,OPC UA,153,6.237100002181251
RPi Middleware<->SCADA,OPC UA,154,5.121600002894411
RPi Middleware<->SCADA,OPC UA,155,4.953800002112985
RPi Middleware<->SCADA,OPC UA,156,5.069399998319568
RPi Middleware<->SCADA,OPC UA,157,4.9760000001697335
RPi Middleware<->SCADA,OPC UA,158,4.977900000085356
RPi Middleware<->SCADA,OPC UA,159,5.062600001110695
RPi Middleware<->SCADA,OPC UA,160,5.036300000938354
RPi Middleware<->SCADA,OPC UA,161,4.8773999988043215
RPi Middleware<->SCADA,OPC UA,162,5.819199999677949
RPi Middleware<->SCADA,OPC UA,163,5.1428999977360945
RPi Middleware<->SCADA,OPC UA,164,5.20650000180467
RPi Middleware<->SCADA,OPC UA,165,5.311500000971137
RPi Middleware<->SCADA,OPC UA,166,5.575900002440903
RPi Middleware<->SCADA,OPC UA,167,5.649099999573082
RPi Middleware<->SCADA,OPC UA,168,5.0249999985680915
RPi Middleware<->SCADA,OPC UA,169,5.065299999841955
RPi Middleware<->SCADA,OPC UA,170,5.121700000017881
RPi Middleware<->SCADA,OPC UA,171,6.188999999722
RPi Middleware<->SCADA,OPC UA,172,5.262999999104068
RPi Middleware<->SCADA,OPC UA,173,5.177499999263091
RPi Middleware<->SCADA,OPC UA,174,5.265799998596776
RPi Middleware<->SCADA,OPC UA,175,5.150199998752214
RPi Middleware<->SCADA,OPC UA,176,5.345000001398148
RPi Middleware<->SCADA,OPC UA,177,24.747400002524955
RPi Middleware<->SCADA,OPC UA,178,5.319800002325792
RPi Middleware<->SCADA,OPC UA,179,5.003099999157712
RPi Middleware<->SCADA,OPC UA,180,5.1318000005267095
RPi Middleware<->SCADA,OPC UA,181,5.340499999874737
RPi Middleware<->SCADA,OPC UA,182,6.311900000582682
RPi Middleware<->SCADA,OPC UA,183,4.928099999233382
RPi Middleware<->SCADA,OPC UA,184,5.1753000007011
RPi Middleware<->SCADA,OPC UA,185,4.874199999903794
RPi Middleware<->SCADA,OPC UA,186,5.008700001781108
RPi Middleware<->SCADA,OPC UA,187,4.9816999999166
RPi Middleware<->SCADA,OPC UA,188,7.8675000004295725
RPi Middleware<->SCADA,OPC UA,189,4.840800000238232
RPi Middleware<->SCADA,OPC UA,190,4.643600001145387
RPi Middleware<->SCADA,OPC UA,191,6.186200000229292
RPi Middleware<->SCADA,OPC UA,192,5.51140000243322
RPi Middleware<->SCADA,OPC UA,193,6.6817000006267335
RPi Middleware<->SCADA,OPC UA,194,10.45969999904628
RPi Middleware<->SCADA,OPC UA,195,5.102099999930942
RPi Middleware<->SCADA,OPC UA,196,4.992000001948327
RPi Middleware<->SCADA,OPC UA,197,4.893700002867263
RPi Middleware<->SCADA,OPC UA,198,5.100400001538219
RPi Middleware<->SCADA,OPC UA,199,4.916799996863119
RPi Middleware<->SCADA,OPC UA,200,5.038100000092527
RPi Middleware<->SCADA,OPC UA,201,4.892699998890748
RPi Middleware<->SCADA,OPC UA,202,4.9772999991546385
RPi Middleware<->SCADA,OPC UA,203,4.951800001435913
RPi Middleware<->SCADA,OPC UA,204,5.002799996873364
RPi Middleware<->SCADA,OPC UA,205,4.922399999486515
RPi Middleware<->SCADA,OPC UA,206,5.019399999582674
RPi Middleware<->SCADA,OPC UA,207,5.000299999665003
RPi Middleware<->SCADA,OPC UA,208,5.641899999318412
RPi Middleware<->SCADA,OPC UA,209,5.442100002255756
RPi Middleware<->SCADA,OPC UA,210,5.6863999998313375
RPi Middleware<->SCADA,OPC UA,211,5.00839999949676
RPi Middleware<->SCADA,OPC UA,212,5.000299999665003
RPi Middleware<->SCADA,OPC UA,213,5.024599999160273
RPi Middleware<->SCADA,OPC UA,214,4.996600000595208
RPi Middleware<->SCADA,OPC UA,215,4.91860000329325
RPi Middleware<->SCADA,OPC UA,216,4.860900000494439
RPi Middleware<->SCADA,OPC UA,217,4.919799997878727
RPi Middleware<->SCADA,OPC UA,218,4.943100000673439
RPi Middleware<->SCADA,OPC UA,219,4.7994999986258335
RPi Middleware<->SCADA,OPC UA,220,4.906400001345901
RPi Middleware<->SCADA,OPC UA,221,4.809300000488292
RPi Middleware<->SCADA,OPC UA,222,4.869100001087645
RPi Middleware<->SCADA,OPC UA,223,4.8826999991433695
RPi Middleware<->SCADA,OPC UA,224,4.973099999915576
RPi Middleware<->SCADA,OPC UA,225,4.869600001256913
RPi Middleware<->SCADA,OPC UA,226,5.013099998905091
RPi Middleware<->SCADA,OPC UA,227,5.135399998835055
RPi Middleware<->SCADA,OPC UA,228,4.941800001688534
RPi Middleware<->SCADA,OPC UA,229,4.901600001176121
RPi Middleware<->SCADA,OPC UA,230,5.602100001851795
RPi Middleware<->SCADA,OPC UA,231,4.835800002183532
RPi Middleware<->SCADA,OPC UA,232,4.977399999916088
RPi Middleware<->SCADA,OPC UA,233,4.91390000024694
RPi Middleware<->SCADA,OPC UA,234,4.827000000659609
RPi Middleware<->SCADA,OPC UA,235,4.8667999981262255
RPi Middleware<->SCADA,OPC UA,236,4.981000001862412
RPi Middleware<->SCADA,OPC UA,237,5.034200003137812
RPi Middleware<->SCADA,OPC UA,238,5.80919999993057
RPi Middleware<->SCADA,OPC UA,239,4.979900000762427
RPi Middleware<->SCADA,OPC UA,240,4.858700001932448
RPi Middleware<->SCADA,OPC UA,241,5.011699999158736
RPi Middleware<->SCADA,OPC UA,242,4.978400000254624
RPi Middleware<->SCADA,OPC UA,243,4.886200000328245
RPi Middleware<->SCADA,OPC UA,244,4.87280000015744
RPi Middleware<->SCADA,OPC UA,245,4.874399997788714
RPi Middleware<->SCADA,OPC UA,246,5.014599999412894
RPi Middleware<->SCADA,OPC UA,247,4.848399999900721
RPi Middleware<->SCADA,OPC UA,248,4.964300002029631
RPi Middleware<->SCADA,OPC UA,249,4.807899997103959
RPi Middleware<->SCADA,OPC UA,250,4.890600001090206
RPi Middleware<->SCADA,OPC UA,251,4.884699999820441
RPi Middleware<->SCADA,OPC UA,252,5.07139999899664
RPi Middleware<->SCADA,OPC UA,253,4.845799998292932
RPi Middleware<->SCADA,OPC UA,254,4.998899999918649
RPi Middleware<->SCADA,OPC UA,255,4.823999999644002
RPi Middleware<->SCADA,OPC UA,256,4.916800000501098
RPi Middleware<->SCADA,OPC UA,257,4.998100001103012
RPi Middleware<->SCADA,OPC UA,258,4.971400001522852
RPi Middleware<->SCADA,OPC UA,259,4.895299996860558
RPi Middleware<->SCADA,OPC UA,260,4.983899998478591
RPi Middleware<->SCADA,OPC UA,261,4.799399997864384
RPi Middleware<->SCADA,OPC UA,262,4.999699998734286
RPi Middleware<->SCADA,OPC UA,263,4.862400001002243
RPi Middleware<->SCADA,OPC UA,264,4.949699999997392
RPi Middleware<->SCADA,OPC UA,265,4.89459999880637
RPi Middleware<->SCADA,OPC UA,266,4.952300001605181
RPi Middleware<->SCADA,OPC UA,267,4.888999999820953
RPi Middleware<->SCADA,OPC UA,268,4.9479000008432195
RPi Middleware<->SCADA,OPC UA,269,4.797199999302393
RPi Middleware<->SCADA,OPC UA,270,4.968400000507245
RPi Middleware<->SCADA,OPC UA,271,4.827000000659609
RPi Middleware<->SCADA,OPC UA,272,5.143300000781892
RPi Middleware<->SCADA,OPC UA,273,4.985799998394214
RPi Middleware<->SCADA,OPC UA,274,5.005200000596233
RPi Middleware<->SCADA,OPC UA,275,22.628700000495883
RPi Middleware<->SCADA,OPC UA,276,5.5025000001478475
RPi Middleware<->SCADA,OPC UA,277,6.572599999344675
RPi Middleware<->SCADA,OPC UA,278,5.2394000013009645
RPi Middleware<->SCADA,OPC UA,279,4.957099998136982
RPi Middleware<->SCADA,OPC UA,280,5.149000000528758
RPi Middleware<->SCADA,OPC UA,281,5.0159999991592485
RPi Middleware<->SCADA,OPC UA,282,5.174000001716195
RPi Middleware<->SCADA,OPC UA,283,5.170299999008421
RPi Middleware<->SCADA,OPC UA,284,5.267399999866029
RPi Middleware<->SCADA,OPC UA,285,4.947100002027582
RPi Middleware<->SCADA,OPC UA,286,5.036200000176905
RPi Middleware<->SCADA,OPC UA,287,5.088800000521587
RPi Middleware<->SCADA,OPC UA,288,5.350299998099217
RPi Middleware<->SCADA,OPC UA,289,4.912299998977687
RPi Middleware<->SCADA,OPC UA,290,5.310299999109702
RPi Middleware<->SCADA,OPC UA,291,4.884000001766253
RPi Middleware<->SCADA,OPC UA,292,5.57430000117165
RPi Middleware<->SCADA,OPC UA,293,5.006499999581138
RPi Middleware<->SCADA,OPC UA,294,4.945199998473981
RPi Middleware<->SCADA,OPC UA,295,4.838999997446081
RPi Middleware<->SCADA,OPC UA,296,4.994900002202485
RPi Middleware<->SCADA,OPC UA,297,4.7952000022633
RPi Middleware<->SCADA,OPC UA,298,5.003999998734798
RPi Middleware<->SCADA,OPC UA,299,4.913500000839122
RPi Middleware<->SCADA,OPC UA,300,5.058300001110183
RPi Middleware<->SCADA,OPC UA,301,4.896099999314174
RPi Middleware<->SCADA,OPC UA,302,5.014599999412894
RPi Middleware<->SCADA,OPC UA,303,4.983300001185853
RPi Middleware<->SCADA,OPC UA,304,4.991800000425428
RPi Middleware<->SCADA,OPC UA,305,4.928999998810468
RPi Middleware<->SCADA,OPC UA,306,5.114399999001762
RPi Middleware<->SCADA,OPC UA,307,5.049200000939891
RPi Middleware<->SCADA,OPC UA,308,5.568799999309704
RPi Middleware<->SCADA,OPC UA,309,5.352800002583535
RPi Middleware<->SCADA,OPC UA,310,5.162000001291744
RPi Middleware<->SCADA,OPC UA,311,4.902500000753207
RPi Middleware<->SCADA,OPC UA,312,4.913299999316223
RPi Middleware<->SCADA,OPC UA,313,4.865399998379871
RPi Middleware<->SCADA,OPC UA,314,4.881799999566283
RPi Middleware<->SCADA,OPC UA,315,4.844999999477295
RPi Middleware<->SCADA,OPC UA,316,4.942100000334904
RPi Middleware<->SCADA,OPC UA,317,5.018299998482689
RPi Middleware<->SCADA,OPC UA,318,5.749300002207747
RPi Middleware<->SCADA,OPC UA,319,4.875700000411598
RPi Middleware<->SCADA,OPC UA,320,4.984499999409309
RPi Middleware<->SCADA,OPC UA,321,4.871799999818904
RPi Middleware<->SCADA,OPC UA,322,4.945900000166148
RPi Middleware<->SCADA,OPC UA,323,4.881199998635566
RPi Middleware<->SCADA,OPC UA,324,4.97469999754685
RPi Middleware<->SCADA,OPC UA,325,5.0212999994982965
RPi Middleware<->SCADA,OPC UA,326,4.8956999999063555
RPi Middleware<->SCADA,OPC UA,327,5.24799999766401
RPi Middleware<->SCADA,OPC UA,328,5.186300000787014
RPi Middleware<->SCADA,OPC UA,329,4.759699997521238
RPi Middleware<->SCADA,OPC UA,330,4.877699997450691
RPi Middleware<->SCADA,OPC UA,331,4.866999999649124
RPi Middleware<->SCADA,OPC UA,332,4.896099999314174
RPi Middleware<->SCADA,OPC UA,333,4.771199997776421
RPi Middleware<->SCADA,OPC UA,334,6.34139999965555
RPi Middleware<->SCADA,OPC UA,335,4.899199997453252
RPi Middleware<->SCADA,OPC UA,336,4.89709999965271
RPi Middleware<->SCADA,OPC UA,337,4.762500000651926
RPi Middleware<->SCADA,OPC UA,338,4.851999998209067
RPi Middleware<->SCADA,OPC UA,339,4.809300000488292
RPi Middleware<->SCADA,OPC UA,340,5.481099997268757
RPi Middleware<->SCADA,OPC UA,341,5.965300002571894
RPi Middleware<->SCADA,OPC UA,342,5.142300000443356
RPi Middleware<->SCADA,OPC UA,343,4.936799999995856
RPi Middleware<->SCADA,OPC UA,344,4.989400000340538
RPi Middleware<->SCADA,OPC UA,345,4.926700003125006
RPi Middleware<->SCADA,OPC UA,346,4.94299999991199
RPi Middleware<->SCADA,OPC UA,347,5.160300002899021
RPi Middleware<->SCADA,OPC UA,348,4.905300000245916
RPi Middleware<->SCADA,OPC UA,349,4.842499998630956
RPi Middleware<->SCADA,OPC UA,350,4.902500000753207
RPi Middleware<->SCADA,OPC UA,351,4.738399999041576
RPi Middleware<->SCADA,OPC UA,352,4.89469999956782
RPi Middleware<->SCADA,OPC UA,353,5.043199998908676
RPi Middleware<->SCADA,OPC UA,354,4.944999996951083
RPi Middleware<->SCADA,OPC UA,355,4.847100000915816
RPi Middleware<->SCADA,OPC UA,356,4.816100001335144
RPi Middleware<->SCADA,OPC UA,357,4.872899997280911
RPi Middleware<->SCADA,OPC UA,358,4.88000000041211
RPi Middleware<->SCADA,OPC UA,359,4.902500000753207
RPi Middleware<->SCADA,OPC UA,360,4.840199999307515
RPi Middleware<->SCADA,OPC UA,361,4.935599998134421
RPi Middleware<->SCADA,OPC UA,362,4.9455999978818
RPi Middleware<->SCADA,OPC UA,363,4.842499998630956
RPi Middleware<->SCADA,OPC UA,364,4.91630000033183
RPi Middleware<->SCADA,OPC UA,365,4.872899997280911
RPi Middleware<->SCADA,OPC UA,366,4.977900000085356
RPi Middleware<->SCADA,OPC UA,367,4.8712999996496364
RPi Middleware<->SCADA,OPC UA,368,5.027000002883142
RPi Middleware<->SCADA,OPC UA,369,4.8814000001584645
RPi Middleware<->SCADA,OPC UA,370,4.9593000003369525
RPi Middleware<->SCADA,OPC UA,371,4.86559999990277
RPi Middleware<->SCADA,OPC UA,372,5.035500002122717
RPi Middleware<->SCADA,OPC UA,373,5.5191999999806285
RPi Middleware<->SCADA,OPC UA,374,5.001900000934256
RPi Middleware<->SCADA,OPC UA,375,22.50629999980447
RPi Middleware<->SCADA,OPC UA,376,5.670899998222012
RPi Middleware<->SCADA,OPC UA,377,5.025900001783157
RPi Middleware<->SCADA,OPC UA,378,5.385000000387663
RPi Middleware<->SCADA,OPC UA,379,7.351000000198837
RPi Middleware<->SCADA,OPC UA,380,4.872699999395991
RPi Middleware<->SCADA,OPC UA,381,4.823300001589814
RPi Middleware<->SCADA,OPC UA,382,4.913799999485491
RPi Middleware<->SCADA,OPC UA,383,4.787099998793565
RPi Middleware<->SCADA,OPC UA,384,5.1045000000158325
RPi Middleware<->SCADA,OPC UA,385,5.918700000620447
RPi Middleware<->SCADA,OPC UA,386,5.430899997008964
RPi Middleware<->SCADA,OPC UA,387,6.079799997678492
RPi Middleware<->SCADA,OPC UA,388,7.418699999107048
RPi Middleware<->SCADA,OPC UA,389,7.902900000772206
RPi Middleware<->SCADA,OPC UA,390,13.716800000111107
RPi Middleware<->SCADA,OPC UA,391,4.995100000087405
RPi Middleware<->SCADA,OPC UA,392,5.212799998844275
RPi Middleware<->SCADA,OPC UA,393,5.047499998909188
RPi Middleware<->SCADA,OPC UA,394,5.1351999973121565
RPi Middleware<->SCADA,OPC UA,395,4.93839999762713
RPi Middleware<->SCADA,OPC UA,396,5.4025999997975305
RPi Middleware<->SCADA,OPC UA,397,5.02760000017588
RPi Middleware<->SCADA,OPC UA,398,6.067999998776941
RPi Middleware<->SCADA,OPC UA,399,6.166600000142353
RPi Middleware<->SCADA,OPC UA,400,5.187899998418288
RPi Middleware<->SCADA,OPC UA,401,4.950999998982297
RPi Middleware<->SCADA,OPC UA,402,4.9989999970421195
RPi Middleware<->SCADA,OPC UA,403,5.004899998311885
RPi Middleware<->SCADA,OPC UA,404,5.877899999177316
RPi Middleware<->SCADA,OPC UA,405,5.743900001107249
RPi Middleware<->SCADA,OPC UA,406,5.060200001025805
RPi Middleware<->SCADA,OPC UA,407,4.854699996940326
RPi Middleware<->SCADA,OPC UA,408,4.934900000080233
RPi Middleware<->SCADA,OPC UA,409,4.933100000926061
RPi Middleware<->SCADA,OPC UA,410,4.874599999311613
RPi Middleware<->SCADA,OPC UA,411,4.944100001011975
RPi Middleware<->SCADA,OPC UA,412,4.884599999058992
RPi Middleware<->SCADA,OPC UA,413,4.758299997774884
RPi Middleware<->SCADA,OPC UA,414,4.811599999811733
RPi Middleware<->SCADA,OPC UA,415,4.822200000489829
RPi Middleware<->SCADA,OPC UA,416,4.8451000002387445
RPi Middleware<->SCADA,OPC UA,417,4.947199999151053
RPi Middleware<->SCADA,OPC UA,418,4.975700001523364
RPi Middleware<->SCADA,OPC UA,419,4.832300000998657
RPi Middleware<->SCADA,OPC UA,420,4.894100002275081
RPi Middleware<->SCADA,OPC UA,421,5.573400001594564
RPi Middleware<->SCADA,OPC UA,422,4.956599997967714
RPi Middleware<->SCADA,OPC UA,423,4.878299998381408
RPi Middleware<->SCADA,OPC UA,424,4.958800000167685
RPi Middleware<->SCADA,OPC UA,425,4.873800000495976
RPi Middleware<->SCADA,OPC UA,426,5.0205000006826594
RPi Middleware<->SCADA,OPC UA,427,5.0918000015371945
RPi Middleware<->SCADA,OPC UA,428,4.844299997785129
RPi Middleware<->SCADA,OPC UA,429,4.796799999894574
RPi Middleware<->SCADA,OPC UA,430,5.007100000511855
RPi Middleware<->SCADA,OPC UA,431,4.898499999399064
RPi Middleware<->SCADA,OPC UA,432,4.939900001772912
RPi Middleware<->SCADA,OPC UA,433,4.951300001266645
RPi Middleware<->SCADA,OPC UA,434,5.036999998992542
RPi Middleware<->SCADA,OPC UA,435,4.835899999307003
RPi Middleware<->SCADA,OPC UA,436,4.985299998224946
RPi Middleware<->SCADA,OPC UA,437,4.882400000497
RPi Middleware<->SCADA,OPC UA,438,5.064299999503419
RPi Middleware<->SCADA,OPC UA,439,5.767500002548331
RPi Middleware<->SCADA,OPC UA,440,5.000099998142105
RPi Middleware<->SCADA,OPC UA,441,4.9034000003302936
RPi Middleware<->SCADA,OPC UA,442,5.000600001949351
RPi Middleware<->SCADA,OPC UA,443,4.8793000023579225
RPi Middleware<->SCADA,OPC UA,444,4.8923999966064
RPi Middleware<->SCADA,OPC UA,445,4.8650000026100315
RPi Middleware<->SCADA,OPC UA,446,4.993300000933232
RPi Middleware<->SCADA,OPC UA,447,4.927599999064114
RPi Middleware<->SCADA,OPC UA,448,4.966199998307275
RPi Middleware<->SCADA,OPC UA,449,4.877300001680851
RPi Middleware<->SCADA,OPC UA,450,4.961999999068212
RPi Middleware<->SCADA,OPC UA,451,4.888499999651685
RPi Middleware<->SCADA,OPC UA,452,4.997199997887947
RPi Middleware<->SCADA,OPC UA,453,4.834300001675729
RPi Middleware<->SCADA,OPC UA,454,4.91140000303858
RPi Middleware<->SCADA,OPC UA,455,4.848800002946518
RPi Middleware<->SCADA,OPC UA,456,4.966099997545825
RPi Middleware<->SCADA,OPC UA,457,4.850699999224162
RPi Middleware<->SCADA,OPC UA,458,4.924699998809956
RPi Middleware<->SCADA,OPC UA,459,4.772699998284224
RPi Middleware<->SCADA,OPC UA,460,4.924300003040116
RPi Middleware<->SCADA,OPC UA,461,4.827599997952348
RPi Middleware<->SCADA,OPC UA,462,4.97430000177701
RPi Middleware<->SCADA,OPC UA,463,4.9906000022019725
RPi Middleware<->SCADA,OPC UA,464,5.011799999920186
RPi Middleware<->SCADA,OPC UA,465,4.855799998040311
RPi Middleware<->SCADA,OPC UA,466,4.9658999996609055
RPi Middleware<->SCADA,OPC UA,467,4.947400000673952
RPi Middleware<->SCADA,OPC UA,468,5.539800000406103
RPi Middleware<->SCADA,OPC UA,469,4.86060000184807
RPi Middleware<->SCADA,OPC UA,470,5.102000002807472
RPi Middleware<->SCADA,OPC UA,471,22.98990000053891
RPi Middleware<->SCADA,OPC UA,472,5.171299999346957
RPi Middleware<->SCADA,OPC UA,473,4.9270000017713755
RPi Middleware<->SCADA,OPC UA,474,4.921699997794349
RPi Middleware<->SCADA,OPC UA,475,4.95260000025155
RPi Middleware<->SCADA,OPC UA,476,4.868799998803297
RPi Middleware<->SCADA,OPC UA,477,4.907200000161538
RPi Middleware<->SCADA,OPC UA,478,5.035499998484738
RPi Middleware<->SCADA,OPC UA,479,5.085000000690343
RPi Middleware<->SCADA,OPC UA,480,4.914799999824027
RPi Middleware<->SCADA,OPC UA,481,4.945500000758329
RPi Middleware<->SCADA,OPC UA,482,4.85619999744813
RPi Middleware<->SCADA,OPC UA,483,4.898799998045433
RPi Middleware<->SCADA,OPC UA,484,4.870900000241818
RPi Middleware<->SCADA,OPC UA,485,4.818099998374237
RPi Middleware<->SCADA,OPC UA,486,4.819300000235671
RPi Middleware<->SCADA,OPC UA,487,4.91390000024694
RPi Middleware<->SCADA,OPC UA,488,4.91880000117817
RPi Middleware<->SCADA,OPC UA,489,4.8634000013407785
RPi Middleware<->SCADA,OPC UA,490,4.799999998795101
RPi Middleware<->SCADA,OPC UA,491,4.8623000002407935
RPi Middleware<->SCADA,OPC UA,492,4.888700001174584
RPi Middleware<->SCADA,OPC UA,493,5.007399999158224
RPi Middleware<->SCADA,OPC UA,494,4.912600001262035
RPi Middleware<->SCADA,OPC UA,495,4.9334999966959
RPi Middleware<->SCADA,OPC UA,496,4.795999997440958
RPi Middleware<->SCADA,OPC UA,497,6.473900000855792
RPi Middleware<->SCADA,OPC UA,498,5.282499998429557
RPi Middleware<->SCADA,OPC UA,499,5.521400002180599
